payment_id,customer_id,subscription_id,mandate_id,amount_inr,currency,failure_code,root_cause,mandate_status,attempt_number,previous_successes,previous_failures,created_at
pay_test_edb7f0426598,cust_648a659d80,sub_5fe00f9e9e,mandate_9e5026fda8,499,INR,bank_timeout,BANK_TIMEOUT,active,2,8,1,2026-08-10T16:10:46.031041
pay_test_c4d792e77505,cust_5f59afb357,sub_d09f2c8261,mandate_2ed558cb93,99,INR,limit_exceeded,LIMIT_EXCEEDED,active,1,18,3,2026-08-13T07:43:46.031180
pay_test_efcf6e387f19,cust_8f8949be8a,sub_9beeae116c,mandate_a890955331,9999,INR,mandate_revoked,REVOKED,revoked,4,17,1,2026-07-26T23:20:46.031217
pay_test_37b64dc66565,cust_09a45d300d,sub_450778cc8f,mandate_8a1e036d7a,1499,INR,insufficient_balance,BALANCE,active,3,5,5,2026-07-20T09:44:46.031243
pay_test_e3be82955102,cust_16c2a86554,sub_6425a7d84c,mandate_a39c33e1d8,1499,INR,mandate_limit_exceeded,LIMIT_EXCEEDED,active,1,3,0,2026-07-10T02:19:46.031265
pay_test_b8d16a1a3d7e,cust_eadad6a796,sub_ae1cabf081,mandate_23c51f05ec,199,INR,insufficient_balance,BALANCE,active,4,14,4,2026-08-13T20:39:46.031288
pay_test_1cdfd8bee5ef,cust_9b0ec0a3ab,sub_c8ac1727cf,mandate_1f43436788,199,INR,network_timeout,BANK_TIMEOUT,active,1,18,1,2026-06-01T06:08:46.031308
pay_test_358cbe909eb9,cust_a158e6e828,sub_bf5846279d,mandate_ca3573be32,1499,INR,insufficient_balance,BALANCE,active,3,7,0,2026-06-26T17:04:46.031329
pay_test_0a20215ac884,cust_3bc96fca51,sub_cd1fff0629,mandate_b51137c808,9999,INR,expired_mandate,EXPIRED_MANDATE,expired,3,11,1,2026-05-26T16:16:46.031371
pay_test_a67ff8bcdc65,cust_cb7d651706,sub_35f0531292,mandate_b90a3ab0ec,499,INR,insufficient_balance,BALANCE,active,2,17,5,2026-06-26T01:40:46.031395
pay_test_16ad22349ee2,cust_dd496f42f3,sub_9cd4d73164,mandate_3637959682,499,INR,limit_exceeded,LIMIT_EXCEEDED,active,1,10,0,2026-07-15T01:40:46.031416
pay_test_1cf104d28f66,cust_be44c00b7d,sub_3f528a5798,mandate_498ac3cfb7,1999,INR,low_balance,BALANCE,active,4,6,5,2026-06-02T23:48:46.031437
pay_test_b576c48bf7cb,cust_25b97676c2,sub_88fb8fc8de,mandate_22a8fc05ac,799,INR,insufficient_balance,BALANCE,active,4,17,4,2026-06-11T01:34:46.031457
pay_test_5409e4bbc0e7,cust_9f34b8e2d5,sub_04c326f269,mandate_6507e5f4da,199,INR,insufficient_balance,BALANCE,active,1,16,3,2026-08-10T09:17:46.031478
pay_test_18c7de3cbcf0,cust_f701e10d43,sub_2c4e92445f,mandate_29799b8d70,1499,INR,low_balance,BALANCE,active,4,19,0,2026-06-08T23:24:46.031497
pay_test_caae7e79f8b7,cust_bc1cac0f70,sub_6d5860b0f3,mandate_33e496e3d1,2499,INR,insufficient_balance,BALANCE,active,3,3,5,2026-06-03T03:50:46.031518
pay_test_22a89288d9f9,cust_422e4659a1,sub_29d42ffb9c,mandate_b61260eb18,799,INR,insufficient_balance,BALANCE,active,2,14,0,2026-06-21T10:02:46.031551
pay_test_28f0684207c7,cust_94450560ba,sub_56d7dba4d9,mandate_06fa3092a6,299,INR,bank_timeout,BANK_TIMEOUT,active,1,4,2,2026-06-09T03:26:46.031576
pay_test_fe29365caa63,cust_de327c26f2,sub_181585f3dd,mandate_063059e8da,99,INR,low_balance,BALANCE,active,2,9,1,2026-06-13T11:52:46.031608
pay_test_35c0968bc49e,cust_ca60e799eb,sub_d4db3a36df,mandate_19065b4178,299,INR,bank_timeout,BANK_TIMEOUT,active,4,17,1,2026-06-15T08:41:46.031632
pay_test_27691f670a4f,cust_284f6ce071,sub_d5fe62f63b,mandate_6d5be6b95a,499,INR,revoked_mandate,REVOKED,revoked,3,6,4,2026-07-03T16:16:46.031652
pay_test_224b1c62af88,cust_9baa3d9b32,sub_4c15ffa956,mandate_c5c07314a9,499,INR,expired_mandate,EXPIRED_MANDATE,expired,1,3,1,2026-07-12T13:20:46.031672
pay_test_69120fdba6d0,cust_ba99206d9f,sub_e4b4452c83,mandate_d760e3c1d0,9999,INR,bank_timeout,BANK_TIMEOUT,active,1,0,0,2026-07-26T11:00:46.031692
pay_test_6bd3df77f02e,cust_4fd50e07da,sub_a6eada138e,mandate_79fb092985,499,INR,low_balance,BALANCE,active,3,2,4,2026-05-30T22:44:46.031712
pay_test_0e37a892a68f,cust_51f16efe54,sub_818e58a5ae,mandate_30723daef4,1499,INR,revoked_mandate,REVOKED,revoked,2,7,3,2026-08-12T10:15:46.031742
pay_test_4a11b40c1902,cust_bed5cfaa0a,sub_d7cbf1b614,mandate_02c91e8342,99,INR,expired_mandate,EXPIRED_MANDATE,expired,1,13,3,2026-08-17T01:11:46.031766
pay_test_4d2883d0bda9,cust_fda1313ff3,sub_3dfaae945a,mandate_d8cac1f962,499,INR,mandate_expired,EXPIRED_MANDATE,expired,4,7,1,2026-08-07T00:46:46.031786
pay_test_3f98626d4e92,cust_7ef4b3f36b,sub_8064ec0b6e,mandate_711bdc33f6,2499,INR,insufficient_balance,BALANCE,active,1,2,3,2026-08-17T17:23:46.031807
pay_test_dfe9140f1989,cust_416442a728,sub_f9d5e4acf2,mandate_823bee9adb,1499,INR,bank_timeout,BANK_TIMEOUT,active,4,7,1,2026-06-24T07:02:46.031854
pay_test_020c78431994,cust_64f00e0369,sub_1acc0621ff,mandate_1d182b86a5,99,INR,mandate_expired,EXPIRED_MANDATE,expired,4,5,3,2026-07-21T23:39:46.031890
pay_test_430532bdad00,cust_b0f333c2a3,sub_f3d7a3ed5e,mandate_f156b8178a,799,INR,expired_mandate,EXPIRED_MANDATE,expired,2,4,1,2026-08-16T19:10:46.031914
pay_test_d684a5ab68a5,cust_6e4e7bae32,sub_b0cf890924,mandate_45f10c1c53,4999,INR,revoked_mandate,REVOKED,revoked,4,1,0,2026-06-20T21:47:46.031935
pay_test_5840d59aa6a8,cust_bf307cdc95,sub_7e8b06aa05,mandate_86fe94cdc8,4999,INR,insufficient_balance,BALANCE,active,1,5,0,2026-05-30T06:32:46.031955
pay_test_925aa2e108cf,cust_583f633fad,sub_9f284ac7ed,mandate_2d9aa4c4e0,99,INR,insufficient_balance,BALANCE,active,1,18,4,2026-07-01T16:20:46.031975
pay_test_a2ebb56baf59,cust_290a6d8c7d,sub_bea4db2c59,mandate_b953221310,9999,INR,network_timeout,BANK_TIMEOUT,active,3,8,1,2026-07-25T05:32:46.031995
pay_test_8f536886e9a7,cust_5e9ee77623,sub_873ecfe8e2,mandate_037adb8f1c,199,INR,low_balance,BALANCE,active,1,14,2,2026-06-26T18:21:46.032015
pay_test_adcc13d27a0f,cust_a89e40a3ff,sub_2105b68514,mandate_b41110527b,2499,INR,limit_exceeded,LIMIT_EXCEEDED,active,3,17,1,2026-08-08T02:01:46.032034
pay_test_bd0f1727aa3f,cust_1f265ee7fc,sub_b80e8f9e14,mandate_38ba0e9f92,299,INR,insufficient_balance,BALANCE,active,4,11,2,2026-06-15T15:38:46.032066
pay_test_fa9fa51a0bcb,cust_bdc3e29ca7,sub_0b35f299a5,mandate_7ab7f83e67,9999,INR,bank_timeout,BANK_TIMEOUT,active,1,17,2,2026-08-07T05:50:46.032100
pay_test_3b9245ffcf74,cust_9931d7a572,sub_0459071b30,mandate_48015aa2d9,4999,INR,limit_exceeded,LIMIT_EXCEEDED,active,2,8,2,2026-07-12T07:14:46.032123
pay_test_ff12f060c74b,cust_02a4cddbb8,sub_b585ffa0cd,mandate_ba2ed0bf22,799,INR,network_timeout,BANK_TIMEOUT,active,1,16,3,2026-08-12T17:30:46.032143
pay_test_1364f876a986,cust_b81fd899c9,sub_74d8a5d75d,mandate_7935f2b8bb,299,INR,bank_timeout,BANK_TIMEOUT,active,3,0,2,2026-08-03T14:29:46.032163
pay_test_7e96072d5799,cust_415d1268b5,sub_83db7c5bf2,mandate_bfec5ef30f,199,INR,network_timeout,BANK_TIMEOUT,active,1,17,0,2026-05-28T09:23:46.032182
pay_test_0ddfd9076b31,cust_15c1246bf3,sub_1dee403f52,mandate_a981beb23e,299,INR,low_balance,BALANCE,active,4,18,4,2026-08-08T12:38:46.032202
pay_test_b1b6f5772e15,cust_1bff92131f,sub_a09599b020,mandate_a6017b2289,9999,INR,mandate_expired,EXPIRED_MANDATE,expired,2,11,1,2026-05-31T10:35:46.032223
pay_test_7f1f3d67a3bf,cust_375a37947f,sub_0a6b1e75da,mandate_467da5c18e,299,INR,network_timeout,BANK_TIMEOUT,active,2,19,5,2026-08-04T08:01:46.032243
pay_test_9c5d123f52f3,cust_a5dd6d6f6b,sub_6aeb17aea0,mandate_6fe652378d,9999,INR,mandate_expired,EXPIRED_MANDATE,expired,2,10,3,2026-07-21T08:07:46.032264
pay_test_576b7ae80c7e,cust_636b605bc5,sub_07f23579be,mandate_25b0e8efe0,499,INR,network_timeout,BANK_TIMEOUT,active,2,1,3,2026-06-27T02:38:46.032284
pay_test_ced2612bb78a,cust_49313f68cd,sub_4622668d7d,mandate_9b3d4ba64b,9999,INR,bank_timeout,BANK_TIMEOUT,active,2,7,0,2026-07-04T03:40:46.032315
pay_test_62559ac1c2db,cust_5ce01a6b0c,sub_b3ec2aabc9,mandate_24796bfa9b,2499,INR,mandate_limit_exceeded,LIMIT_EXCEEDED,active,4,11,5,2026-05-29T20:36:46.032338
pay_test_d2e12ee76464,cust_275cc64b38,sub_712ef0c8f0,mandate_a7b0eb6276,4999,INR,limit_exceeded,LIMIT_EXCEEDED,active,3,8,1,2026-08-20T10:19:46.032369
pay_test_f398958a08d4,cust_329db6fa9f,sub_170c195755,mandate_a0608913b8,2499,INR,expired_mandate,EXPIRED_MANDATE,expired,1,13,4,2026-07-05T19:45:46.032392
pay_test_f257c729d675,cust_3d4872140b,sub_a10b86a14d,mandate_c32837f968,2499,INR,low_balance,BALANCE,active,2,0,4,2026-07-09T00:53:46.032412
pay_test_4b471ced9f64,cust_97fe5435f5,sub_4002b62cfc,mandate_b5c155acef,9999,INR,mandate_limit_exceeded,LIMIT_EXCEEDED,active,1,19,2,2026-07-16T21:38:46.032432
pay_test_b822834d5afd,cust_061b8f86bb,sub_ec52223b8e,mandate_30f0065bd5,799,INR,network_timeout,BANK_TIMEOUT,active,2,12,5,2026-07-31T00:15:46.032452
pay_test_64418a8bfa1f,cust_aacc65a98d,sub_610a5df2ca,mandate_a42e999ad0,799,INR,limit_exceeded,LIMIT_EXCEEDED,active,4,19,4,2026-06-15T13:38:46.032471
pay_test_1556f4d31b39,cust_fb43cf2b6b,sub_05f5ffed45,mandate_099461dd69,9999,INR,low_balance,BALANCE,active,3,18,4,2026-06-25T23:29:46.032491
pay_test_4d4b910ae794,cust_98db781661,sub_f03abcd087,mandate_e7a9cc603a,199,INR,network_timeout,BANK_TIMEOUT,active,3,5,5,2026-06-19T16:17:46.032512
pay_test_dd2ba9d664ce,cust_515cab2262,sub_a2fee278c0,mandate_12d4531ce3,799,INR,bank_timeout,BANK_TIMEOUT,active,2,7,5,2026-07-30T09:56:46.032543
pay_test_c83d772ea581,cust_ca554b998f,sub_ebd1ffb1c2,mandate_e575372b5a,1999,INR,low_balance,BALANCE,active,4,19,0,2026-06-04T19:45:46.032566
pay_test_ba276c7c0090,cust_9af17f2a2f,sub_2239194684,mandate_dacc07f74a,499,INR,network_timeout,BANK_TIMEOUT,active,2,15,3,2026-06-01T15:57:46.032586
pay_test_5fb5d948bf69,cust_7c37c01a25,sub_3b05d45839,mandate_8a54b57ff6,299,INR,limit_exceeded,LIMIT_EXCEEDED,active,4,13,1,2026-08-17T20:42:46.032606
pay_test_f9ea72ce59a1,cust_78f782a45a,sub_23a7e32e6e,mandate_63dd0cc26d,1999,INR,limit_exceeded,LIMIT_EXCEEDED,active,3,14,1,2026-06-28T18:05:46.032627
pay_test_a7eeea7a563c,cust_6b315b6fd4,sub_1cedfa5ac6,mandate_033a3060bd,299,INR,network_timeout,BANK_TIMEOUT,active,4,17,3,2026-06-28T05:09:46.032659
pay_test_6d5e47ad65b6,cust_59cc5f4ef5,sub_3a2c23bff0,mandate_d597788c05,9999,INR,low_balance,BALANCE,active,2,16,3,2026-07-19T23:53:46.032683
pay_test_e67aef65fbaf,cust_60f55872c0,sub_786efafa6f,mandate_437de351dd,999,INR,bank_timeout,BANK_TIMEOUT,active,1,8,2,2026-08-07T09:43:46.032704
pay_test_6cd86dce2df5,cust_a4ae0f4566,sub_a5b229e2c9,mandate_17f7e01bf7,1499,INR,mandate_expired,EXPIRED_MANDATE,expired,4,6,0,2026-07-12T20:28:46.032724
pay_test_5014703fd464,cust_1a98d58b18,sub_83059d003b,mandate_259d530e19,4999,INR,mandate_expired,EXPIRED_MANDATE,expired,1,13,3,2026-06-12T01:27:46.032743
pay_test_ffebf8844101,cust_519a942fb8,sub_b0bfdddfdc,mandate_b6eddc47f4,1499,INR,low_balance,BALANCE,active,2,9,3,2026-06-23T06:40:46.032775
pay_test_48e58ed2b58d,cust_ba1f2f11b7,sub_724fe6c763,mandate_a0f65964f1,9999,INR,mandate_expired,EXPIRED_MANDATE,expired,4,12,2,2026-08-02T22:59:46.032798
pay_test_83290cc05696,cust_af8af1cce2,sub_4534cb1b17,mandate_74cbacfe6a,4999,INR,insufficient_balance,BALANCE,active,1,12,4,2026-08-13T17:30:46.032817
pay_test_81c8ab1aae73,cust_c4e772ba7d,sub_2290d10ccb,mandate_be91416984,799,INR,low_balance,BALANCE,active,4,5,0,2026-07-14T07:28:46.032837
pay_test_1bcfa302f8a7,cust_ff9fda97ac,sub_9a0101cd06,mandate_9f9b329627,799,INR,expired_mandate,EXPIRED_MANDATE,expired,1,8,3,2026-06-25T13:10:46.032856
pay_test_a8e0f7eefe9a,cust_1f1e2fe4d7,sub_de10a0cc8f,mandate_ec5aaf94cd,199,INR,revoked_mandate,REVOKED,revoked,1,7,5,2026-08-21T06:45:46.032876
pay_test_502e5fe4d3a3,cust_cecf42164a,sub_f550a6c628,mandate_31cd1ec3fe,1999,INR,bank_timeout,BANK_TIMEOUT,active,1,7,1,2026-06-13T07:28:46.032896
pay_test_ad23ef103afe,cust_adea57a43b,sub_72ae47b765,mandate_91483154c7,4999,INR,network_timeout,BANK_TIMEOUT,active,1,5,4,2026-08-04T04:51:46.032927
pay_test_cff1c73d952a,cust_d0695d4c75,sub_46a4563ebc,mandate_8c08a89d22,1499,INR,network_timeout,BANK_TIMEOUT,active,4,18,5,2026-07-30T11:20:46.032950
pay_test_0591bc674d9b,cust_4c916f294c,sub_4b9baace39,mandate_6969396b96,799,INR,bank_timeout,BANK_TIMEOUT,active,1,3,5,2026-06-13T12:35:46.032972
pay_test_97d0dacbce6d,cust_0ce8f35ece,sub_b83e2cbd6d,mandate_6ba7aa423e,9999,INR,revoked_mandate,REVOKED,revoked,3,2,4,2026-08-23T00:05:46.033003
pay_test_a98c7975c584,cust_57cf8a4dd7,sub_4963289e2f,mandate_2e5f184d23,1999,INR,revoked_mandate,REVOKED,revoked,2,11,5,2026-06-30T08:11:46.033041
pay_test_302e7c9b9776,cust_58a0adefe6,sub_33c31b28b7,mandate_a60cb882f4,1999,INR,revoked_mandate,REVOKED,revoked,4,19,4,2026-06-29T14:20:46.033064
pay_test_07914e6d978f,cust_5815c477cd,sub_98b1d2de18,mandate_585870375d,1999,INR,insufficient_balance,BALANCE,active,2,2,2,2026-06-25T19:18:46.033084
pay_test_43dec906dfc6,cust_ca330e783a,sub_23d0706a3e,mandate_281ca3d3ff,999,INR,network_timeout,BANK_TIMEOUT,active,2,0,3,2026-06-23T07:35:46.033103
pay_test_71824c84dedf,cust_99aae2db52,sub_aec9df9520,mandate_1d51505eea,799,INR,network_timeout,BANK_TIMEOUT,active,1,8,4,2026-06-19T07:52:46.033123
pay_test_6abf798929e3,cust_2ccbe14dd0,sub_2d9ad0aba7,mandate_69bc7e490f,499,INR,low_balance,BALANCE,active,4,15,4,2026-06-02T15:26:46.033143
pay_test_fb4b5f894266,cust_b449cac894,sub_f44252e8e5,mandate_4dfbd438f0,499,INR,mandate_expired,EXPIRED_MANDATE,expired,4,2,2,2026-05-28T06:38:46.033162
pay_test_2f938e614fcc,cust_215cedfa87,sub_7a997ebb96,mandate_1d72c240b3,2499,INR,network_timeout,BANK_TIMEOUT,active,3,15,4,2026-06-30T14:22:46.033181
pay_test_c903dac3d042,cust_a0a8e58920,sub_c535de68e5,mandate_dab2c7fe11,799,INR,expired_mandate,EXPIRED_MANDATE,expired,2,8,2,2026-08-08T14:45:46.033200
pay_test_d60817266c2d,cust_5242eee9c6,sub_eb3cc0243d,mandate_c0248be847,1999,INR,mandate_expired,EXPIRED_MANDATE,expired,3,6,1,2026-06-09T21:19:46.033239
pay_test_7bb78a47c7fb,cust_aca009278e,sub_a5e9a63543,mandate_c2853ce469,499,INR,insufficient_balance,BALANCE,active,3,6,2,2026-08-02T04:57:46.033262
pay_test_46a6d24f885f,cust_f607e52139,sub_113096f5e2,mandate_daa1ed0812,99,INR,bank_timeout,BANK_TIMEOUT,active,3,8,0,2026-05-27T09:17:46.033281
pay_test_6976273d8a0e,cust_29e61e59b4,sub_4d73425731,mandate_25d1462e19,4999,INR,mandate_limit_exceeded,LIMIT_EXCEEDED,active,3,3,0,2026-06-24T22:29:46.033301
pay_test_27efd24d6582,cust_815309e792,sub_725bfcbbbc,mandate_fbf6715624,199,INR,mandate_expired,EXPIRED_MANDATE,expired,1,8,3,2026-07-03T22:53:46.033321
pay_test_a405afddd903,cust_055dfe87b4,sub_def9aee47e,mandate_ce22490f9f,4999,INR,bank_timeout,BANK_TIMEOUT,active,3,4,1,2026-08-14T06:50:46.033341
pay_test_791b46deb6e3,cust_0b75b7a85b,sub_836f973653,mandate_4a85cf5ed6,4999,INR,network_timeout,BANK_TIMEOUT,active,2,19,4,2026-06-19T01:29:46.033361
pay_test_1aec36083d70,cust_90ff5e45b1,sub_618a14f172,mandate_3ba9fe6e01,799,INR,mandate_limit_exceeded,LIMIT_EXCEEDED,active,1,18,3,2026-06-06T14:51:46.033381
pay_test_26990206c89e,cust_87edd69ce1,sub_9d115177a5,mandate_1cb7687991,799,INR,limit_exceeded,LIMIT_EXCEEDED,active,1,20,1,2026-08-04T06:46:46.033400
pay_test_dcb87879027c,cust_336a004088,sub_6f1c9a34dd,mandate_74a6704daa,1999,INR,bank_timeout,BANK_TIMEOUT,active,4,0,3,2026-07-18T12:43:46.033420
pay_test_5f2be6d8064b,cust_41b0c02669,sub_63baef3ece,mandate_cd3864bff1,9999,INR,low_balance,BALANCE,active,2,14,0,2026-07-21T17:20:46.033450
pay_test_143c9ec451e9,cust_a651417a16,sub_cc47c29040,mandate_dcfdf1bd46,2499,INR,bank_timeout,BANK_TIMEOUT,active,2,13,0,2026-06-03T08:59:46.033473
pay_test_4afbae960689,cust_0e5a054e86,sub_1ec5a0b379,mandate_dcd643b027,299,INR,insufficient_balance,BALANCE,active,3,2,0,2026-06-08T14:05:46.033493
pay_test_0e6ab6a33f83,cust_8260879f2c,sub_2be8cfc82d,mandate_715020266a,1999,INR,network_timeout,BANK_TIMEOUT,active,3,14,0,2026-05-27T01:40:46.033523
pay_test_20176c79a1d5,cust_5cbbc62332,sub_401efec8cb,mandate_7646cfb39b,4999,INR,revoked_mandate,REVOKED,revoked,1,14,0,2026-06-29T14:37:46.033546
pay_test_c4cb1d3a7c96,cust_b1595d02fd,sub_c5d25118b1,mandate_0f2ba93819,9999,INR,bank_timeout,BANK_TIMEOUT,active,1,2,1,2026-05-30T05:21:46.033582
pay_test_4939cf2ad725,cust_8fe7864f72,sub_9de0459c35,mandate_00626580e1,9999,INR,insufficient_balance,BALANCE,active,4,15,4,2026-07-20T08:20:46.033603
pay_test_48400fd89b60,cust_a4fa0da435,sub_a288bd8203,mandate_7e324b37ac,999,INR,expired_mandate,EXPIRED_MANDATE,expired,4,2,3,2026-07-13T03:15:46.033625
pay_test_142b2b24ede6,cust_e32df58f2b,sub_d0fa352908,mandate_8ddcc7906d,1999,INR,insufficient_balance,BALANCE,active,3,10,3,2026-06-01T01:05:46.033645
pay_test_f842dd00d06d,cust_71d178b4bb,sub_bf75fb8c46,mandate_d8ff19185a,999,INR,bank_timeout,BANK_TIMEOUT,active,3,14,0,2026-07-14T10:08:46.033666
pay_test_a0483640ddb2,cust_d0a61413ca,sub_8b4e310b08,mandate_71937c29d6,1499,INR,mandate_expired,EXPIRED_MANDATE,expired,1,17,3,2026-07-30T21:34:46.033701
pay_test_d072dc9dd284,cust_4ed2a39ddc,sub_071a53ec63,mandate_1f720d0fdf,99,INR,network_timeout,BANK_TIMEOUT,active,2,20,3,2026-07-20T20:49:46.033729
pay_test_bfb4bbe5f81e,cust_ad9a15dbe3,sub_614cf02e88,mandate_dfc31b65a6,99,INR,mandate_limit_exceeded,LIMIT_EXCEEDED,active,2,15,0,2026-05-26T08:38:46.033751
pay_test_37653efd2db2,cust_57f9ba9daa,sub_ca30984178,mandate_286a9712d1,199,INR,network_timeout,BANK_TIMEOUT,active,4,2,1,2026-08-08T17:04:46.033773
pay_test_4159b583f668,cust_cab6829c4c,sub_e498632bc7,mandate_8139b890d0,799,INR,low_balance,BALANCE,active,4,16,5,2026-06-23T22:42:46.033795
pay_test_8f2c8426f9dd,cust_4cdce3cfb3,sub_17fc81178b,mandate_63b4ec4b95,4999,INR,mandate_revoked,REVOKED,revoked,2,12,1,2026-08-16T05:08:46.033817
pay_test_2579057ce6cf,cust_8701c07074,sub_f4fd6a3956,mandate_f3b9132746,799,INR,network_timeout,BANK_TIMEOUT,active,1,10,4,2026-07-18T14:38:46.033865
pay_test_e7dbbe4f44b2,cust_e9457ed31f,sub_f26b9245f7,mandate_0d018f3ddc,2499,INR,network_timeout,BANK_TIMEOUT,active,4,4,3,2026-07-11T03:22:46.033892
pay_test_cea86a01795b,cust_fa5666660a,sub_127c2439a7,mandate_d0e768d512,499,INR,network_timeout,BANK_TIMEOUT,active,2,14,2,2026-06-12T01:43:46.033913
pay_test_c6859171d979,cust_bb2eff22f9,sub_74f15d5319,mandate_28bcf18620,1999,INR,mandate_limit_exceeded,LIMIT_EXCEEDED,active,4,1,2,2026-07-05T16:07:46.033935
pay_test_008e936fbb77,cust_cb246694a1,sub_29dea3b507,mandate_655bfcd38b,299,INR,bank_timeout,BANK_TIMEOUT,active,3,15,0,2026-08-11T23:51:46.033969
pay_test_9bd9937f6cc3,cust_c088ffb210,sub_d85ec11e56,mandate_94214e3671,299,INR,revoked_mandate,REVOKED,revoked,4,0,5,2026-06-02T09:53:46.033994
pay_test_5051854f78c1,cust_bab9b8bf1b,sub_b73b95fc4d,mandate_6b2fbd1b92,1499,INR,revoked_mandate,REVOKED,revoked,1,10,4,2026-07-12T16:03:46.034016
pay_test_0c20ec889764,cust_fe40b3dca7,sub_74286d9d38,mandate_40a854c5c1,1999,INR,revoked_mandate,REVOKED,revoked,1,20,5,2026-06-06T11:42:46.034038
pay_test_9ee60ee55e03,cust_98f6f21651,sub_c143cbcb56,mandate_819ad0c4ca,199,INR,network_timeout,BANK_TIMEOUT,active,4,7,5,2026-08-11T17:12:46.034058
pay_test_a8f2062228e5,cust_202798991d,sub_7a96b32884,mandate_4f2b448dfc,799,INR,mandate_limit_exceeded,LIMIT_EXCEEDED,active,1,5,5,2026-08-19T03:07:46.034080
pay_test_88555ec4a89d,cust_ec757f8df4,sub_0ff603410a,mandate_d8f9e4009b,299,INR,low_balance,BALANCE,active,2,11,3,2026-06-18T00:21:46.034100
pay_test_6f4dbb67f422,cust_b2f2a6f29f,sub_f83ca011d1,mandate_43eb9093dd,199,INR,bank_timeout,BANK_TIMEOUT,active,4,5,1,2026-06-05T16:42:46.034121
pay_test_4417a52428a2,cust_6437eccf8a,sub_50f5d9f4e6,mandate_3317d5b3f1,9999,INR,mandate_revoked,REVOKED,revoked,3,7,3,2026-06-27T05:15:46.034155
pay_test_fcde0654829a,cust_591bbcaa9a,sub_1417093151,mandate_d09ccc28ee,2499,INR,low_balance,BALANCE,active,2,9,5,2026-08-14T23:35:46.034180
pay_test_8daadaeeb75a,cust_17e13788ac,sub_e82583a48a,mandate_8f5b7196e6,799,INR,mandate_limit_exceeded,LIMIT_EXCEEDED,active,4,20,3,2026-07-17T07:33:46.034213
pay_test_f97e908e639a,cust_c05d45e4b9,sub_484ceeb56c,mandate_3eac79ba10,4999,INR,limit_exceeded,LIMIT_EXCEEDED,active,3,7,3,2026-06-12T04:13:46.034239
pay_test_01eaf8c5a790,cust_5477ae006c,sub_8b90aae99c,mandate_8f3402306d,4999,INR,low_balance,BALANCE,active,1,8,0,2026-06-07T14:26:46.034273
pay_test_3344ed789bcb,cust_1c11869adb,sub_4eaf697097,mandate_00460e5e00,999,INR,network_timeout,BANK_TIMEOUT,active,2,7,4,2026-06-04T07:18:46.034298
pay_test_b0b62ef4d9f2,cust_0df3be05aa,sub_a68c105ff4,mandate_b41e90777b,9999,INR,insufficient_balance,BALANCE,active,1,20,0,2026-07-15T23:55:46.034320
pay_test_9e3a6bbea489,cust_d5afecfcd7,sub_e948b94757,mandate_055afdf381,999,INR,bank_timeout,BANK_TIMEOUT,active,4,2,2,2026-08-02T07:49:46.034342
pay_test_19d9103ac145,cust_ca8f50b94f,sub_3a98ee4e84,mandate_3a852aaaf2,799,INR,network_timeout,BANK_TIMEOUT,active,2,16,4,2026-07-22T22:06:46.034364
pay_test_7725f9b8162e,cust_5200f1c8f5,sub_6eb65fcb9f,mandate_e5c06a2f82,199,INR,low_balance,BALANCE,active,2,3,3,2026-07-26T16:11:46.034386
pay_test_47838e0c14c3,cust_a0a1665b30,sub_bedefbbfa7,mandate_ef5c489c83,199,INR,network_timeout,BANK_TIMEOUT,active,4,17,2,2026-08-23T05:23:46.034407
pay_test_7de5ea6155e3,cust_ede927c0da,sub_5ffdc9577c,mandate_baaed35684,1499,INR,low_balance,BALANCE,active,3,8,4,2026-08-10T16:43:46.034429
pay_test_eea5372be5d9,cust_9ec975e0c5,sub_413567e5db,mandate_9c778744f1,9999,INR,revoked_mandate,REVOKED,revoked,1,19,1,2026-06-03T22:59:46.034462
pay_test_e12790e781a4,cust_bec91eb7d2,sub_36c0ad1f03,mandate_10945e0f38,99,INR,network_timeout,BANK_TIMEOUT,active,1,3,1,2026-07-16T22:50:46.034498
pay_test_89df1ea017b4,cust_2ab6360dd2,sub_540ea2d5cf,mandate_03144cb516,999,INR,insufficient_balance,BALANCE,active,4,12,3,2026-06-09T14:11:46.034523
pay_test_ee7f674997d4,cust_3918e8f13d,sub_5189f5a94b,mandate_e30af61795,1999,INR,low_balance,BALANCE,active,4,20,0,2026-07-20T12:13:46.034545
pay_test_d4f3c56c0160,cust_4577d2be54,sub_34f95bbedf,mandate_6bc4ebe68a,999,INR,expired_mandate,EXPIRED_MANDATE,expired,1,14,1,2026-05-29T02:23:46.034566
pay_test_e5f270a1dda3,cust_04ac6d94df,sub_f9f2ddcf12,mandate_ef001838cc,799,INR,mandate_limit_exceeded,LIMIT_EXCEEDED,active,2,1,3,2026-08-08T23:52:46.034587
pay_test_7cb4bca57008,cust_e7bbbc6ff7,sub_0679d956c7,mandate_f3a3bfe4dd,499,INR,bank_timeout,BANK_TIMEOUT,active,2,1,2,2026-06-13T07:53:46.034609
pay_test_1eb710250b06,cust_a4b5820809,sub_57e33346ef,mandate_dd2a1e14a8,499,INR,bank_timeout,BANK_TIMEOUT,active,3,18,1,2026-08-05T18:57:46.034631
pay_test_77ab0419bda3,cust_377387cd1f,sub_803e6967a3,mandate_db6316346f,799,INR,insufficient_balance,BALANCE,active,2,4,4,2026-08-09T16:02:46.034652
pay_test_fdb5f890492e,cust_c292294268,sub_29ef8d6ac6,mandate_84dcf0a8c9,4999,INR,insufficient_balance,BALANCE,active,3,11,1,2026-08-22T08:41:46.034673
pay_test_0f3c52306cc0,cust_d242245f99,sub_a1ece2659a,mandate_2b51b0cfde,199,INR,low_balance,BALANCE,active,4,16,0,2026-06-28T02:25:46.034719
pay_test_8b316e56b661,cust_7a54fc3158,sub_38b7c1a316,mandate_8a31703bd8,4999,INR,network_timeout,BANK_TIMEOUT,active,1,16,1,2026-05-31T21:38:46.034745
pay_test_b8a227e3ff23,cust_20f64f0e04,sub_a6e6b129bd,mandate_9e14a6e2f1,1499,INR,mandate_revoked,REVOKED,revoked,4,1,3,2026-05-29T10:26:46.034767
pay_test_a7a130e2f500,cust_5e3405c9e9,sub_4d4eb3c8dd,mandate_ac6627dcda,999,INR,network_timeout,BANK_TIMEOUT,active,2,2,0,2026-08-16T09:40:46.034789
pay_test_6d6cf896ff3b,cust_d99646c860,sub_0da9dfceb6,mandate_1cce2120c4,2499,INR,network_timeout,BANK_TIMEOUT,active,3,12,4,2026-06-26T21:19:46.034822
pay_test_30117d909f25,cust_b6de42eb7b,sub_0f489d4c2c,mandate_ad2db239c7,2499,INR,mandate_expired,EXPIRED_MANDATE,expired,2,20,5,2026-06-29T23:01:46.034847
pay_test_fff5a6d99db2,cust_bba76585a1,sub_340d95eb2a,mandate_b5abea2ae3,1499,INR,low_balance,BALANCE,active,1,14,3,2026-07-15T00:37:46.034868
pay_test_41a7c7a5f063,cust_d8b5923d57,sub_97996bd558,mandate_cd6118920f,1999,INR,network_timeout,BANK_TIMEOUT,active,1,4,5,2026-08-13T11:52:46.034890
pay_test_b8e40bf53d38,cust_9a3edf40b1,sub_446dcd5c00,mandate_fe6d778cf9,99,INR,expired_mandate,EXPIRED_MANDATE,expired,3,4,4,2026-05-31T10:31:46.034911
pay_test_62bc8023ef83,cust_f5f233d947,sub_f5443497ba,mandate_79becbb75f,4999,INR,expired_mandate,EXPIRED_MANDATE,expired,3,1,2,2026-07-10T10:21:46.034933
pay_test_1002ee7fc3ac,cust_116c2e1e8f,sub_67e62d2751,mandate_9bfd9a6401,199,INR,mandate_revoked,REVOKED,revoked,3,15,1,2026-06-14T02:50:46.034966
pay_test_a06483b64c30,cust_fb7ef0e35a,sub_4b6f76fec9,mandate_1fae080784,4999,INR,bank_timeout,BANK_TIMEOUT,active,1,13,4,2026-06-07T16:04:46.034992
pay_test_a53933dd99f1,cust_d69bf31b57,sub_6d687e5b0d,mandate_c8bd273a4c,799,INR,bank_timeout,BANK_TIMEOUT,active,3,5,2,2026-07-11T13:46:46.035013
pay_test_576f390e862d,cust_29a5bdba9a,sub_62a06f1456,mandate_3941b1b909,9999,INR,mandate_limit_exceeded,LIMIT_EXCEEDED,active,1,2,1,2026-08-12T14:24:46.035035
pay_test_1416e3fb6345,cust_442d6a8be6,sub_fc321c630d,mandate_580ddabf02,299,INR,low_balance,BALANCE,active,3,14,2,2026-07-15T14:37:46.035056
pay_test_26f1cd48c093,cust_fd9a99491a,sub_2f2062938a,mandate_2ccadb6c7b,299,INR,bank_timeout,BANK_TIMEOUT,active,1,1,1,2026-05-30T11:40:46.035077
pay_test_61421ae29f91,cust_1eced141ff,sub_e4489da902,mandate_211c8df044,1999,INR,expired_mandate,EXPIRED_MANDATE,expired,4,15,4,2026-07-21T07:09:46.035097
pay_test_b493d7b2d27b,cust_9e106e9ec7,sub_1e9f6dc2b4,mandate_1884b929c5,799,INR,revoked_mandate,REVOKED,revoked,4,13,0,2026-06-17T16:38:46.035131
pay_test_bb542ca4b0b9,cust_4728f1a0f9,sub_cd0ecef342,mandate_a66536cc40,99,INR,low_balance,BALANCE,active,2,19,0,2026-07-17T07:08:46.035156
pay_test_dc1c3317bb43,cust_1cf756fb41,sub_746522bc5f,mandate_488b7b2b16,199,INR,low_balance,BALANCE,active,1,9,2,2026-06-21T14:30:46.035177
pay_test_2f750daed321,cust_041aaa7abb,sub_dfd337ae07,mandate_5be650c85d,499,INR,low_balance,BALANCE,active,3,17,5,2026-08-15T01:02:46.035210
pay_test_38126fd86f6a,cust_080be269c5,sub_c8714790de,mandate_0bf9038b73,199,INR,network_timeout,BANK_TIMEOUT,active,3,0,3,2026-06-12T00:21:46.035235
pay_test_29f787feea24,cust_583df515d2,sub_c034b4dbb8,mandate_341ab81ded,1499,INR,expired_mandate,EXPIRED_MANDATE,expired,1,9,0,2026-07-14T08:06:46.035256
pay_test_f92e1b08250c,cust_490fcb6d90,sub_f1c2000054,mandate_b7fc4db5be,1499,INR,mandate_limit_exceeded,LIMIT_EXCEEDED,active,1,11,0,2026-07-24T00:20:46.035277
pay_test_8018c0d32adc,cust_e519ea99c4,sub_b186e3c63b,mandate_4f93129b35,999,INR,mandate_expired,EXPIRED_MANDATE,expired,2,12,2,2026-07-13T08:53:46.035298
pay_test_c957bbfdc4e3,cust_27d4d2066e,sub_df3d89771d,mandate_15422c03bd,499,INR,mandate_revoked,REVOKED,revoked,3,16,4,2026-07-10T14:05:46.035320
pay_test_8e13fd9f9e81,cust_7d0ca8f2f3,sub_7acfdaae9a,mandate_acb7f106e9,299,INR,bank_timeout,BANK_TIMEOUT,active,3,7,0,2026-07-30T08:19:46.035341
pay_test_83c78cc83740,cust_a4eabe39d1,sub_d2b2cbad6f,mandate_cb06b9a8c6,1999,INR,insufficient_balance,BALANCE,active,4,5,5,2026-06-12T19:29:46.035362
pay_test_82e108682732,cust_67aece8533,sub_3c0633697d,mandate_b7a752c483,299,INR,network_timeout,BANK_TIMEOUT,active,4,20,2,2026-08-15T22:29:46.035384
pay_test_fb4fe9d3c6d9,cust_76cfa3121d,sub_acda689015,mandate_6e303f2cc1,999,INR,network_timeout,BANK_TIMEOUT,active,1,18,0,2026-07-15T23:29:46.035417
pay_test_806e9dee4222,cust_baab482109,sub_f9b6e73b7e,mandate_c3d3043a65,9999,INR,low_balance,BALANCE,active,1,9,0,2026-06-06T18:25:46.035454
pay_test_d3cc0a77ee4d,cust_3d693e12c6,sub_611ceefe3c,mandate_d5178dad19,9999,INR,mandate_expired,EXPIRED_MANDATE,expired,2,14,4,2026-07-13T18:27:46.035479
pay_test_62ae9dcc74fd,cust_a4484028b7,sub_b62133a6d3,mandate_19d0ab638d,999,INR,mandate_revoked,REVOKED,revoked,1,14,0,2026-06-20T17:46:46.035500
pay_test_d2b95f7b0738,cust_537f21a72f,sub_bce25d53a0,mandate_7d2d19363f,2499,INR,low_balance,BALANCE,active,2,14,4,2026-07-09T01:59:46.035533
pay_test_4aaff12eb44f,cust_59c5a0c1a3,sub_0ea3544904,mandate_ea57c3339f,4999,INR,low_balance,BALANCE,active,1,10,5,2026-06-04T17:36:46.035559
pay_test_33b04d39327f,cust_04524d7478,sub_e8217209f9,mandate_22251ef2e9,1499,INR,insufficient_balance,BALANCE,active,3,17,5,2026-07-22T14:03:46.035580
pay_test_7a370d151866,cust_b5d2dcfe27,sub_823d50a8f2,mandate_e952514474,4999,INR,bank_timeout,BANK_TIMEOUT,active,2,10,0,2026-07-11T04:16:46.035601
pay_test_72c4f12c19db,cust_f76dbb8d7d,sub_1e71c56385,mandate_2fa9dca0e8,199,INR,network_timeout,BANK_TIMEOUT,active,3,4,4,2026-06-14T01:16:46.035622
pay_test_efd3f33c8a13,cust_2a3347caa4,sub_4fb02786a3,mandate_97b13e9ee3,9999,INR,bank_timeout,BANK_TIMEOUT,active,4,16,0,2026-06-20T02:56:46.035645
pay_test_a1356c43529c,cust_cc07acc11d,sub_21712fbe7b,mandate_826a85720f,1999,INR,mandate_expired,EXPIRED_MANDATE,expired,2,6,2,2026-07-27T09:48:46.035666
pay_test_e6f883b1428f,cust_01062d25fc,sub_e10ba510de,mandate_ef47c66a0b,2499,INR,insufficient_balance,BALANCE,active,1,16,4,2026-06-01T03:01:46.035699
pay_test_1d4ff222089a,cust_1a55c981fb,sub_1811d4799a,mandate_014aa2d3de,299,INR,bank_timeout,BANK_TIMEOUT,active,2,19,3,2026-07-31T15:08:46.035723
pay_test_7c12eb12e28f,cust_164f4bc4ec,sub_0cc017f553,mandate_4c9566e7e1,1499,INR,bank_timeout,BANK_TIMEOUT,active,3,14,0,2026-05-29T14:42:46.035756
pay_test_673451fcfaec,cust_5a9accad4b,sub_b7f394ee7f,mandate_4e3a06b064,2499,INR,mandate_limit_exceeded,LIMIT_EXCEEDED,active,2,14,1,2026-07-15T22:00:46.035782
pay_test_ef7c8cc696ea,cust_d8550db01d,sub_8370ab8db7,mandate_72ebc498d6,1999,INR,network_timeout,BANK_TIMEOUT,active,3,18,3,2026-07-06T21:24:46.035803
pay_test_7b35e592922b,cust_ae489a5c14,sub_87909117ae,mandate_0000f0ae7c,299,INR,mandate_expired,EXPIRED_MANDATE,expired,3,6,4,2026-08-17T17:27:46.035825
pay_test_908e908d3674,cust_2c6bbe6ae7,sub_059071c3a2,mandate_5777b9facf,799,INR,limit_exceeded,LIMIT_EXCEEDED,active,1,16,0,2026-08-04T05:29:46.035847
pay_test_e2e902c102de,cust_b27fb258b4,sub_27501b23df,mandate_0341989f8a,499,INR,limit_exceeded,LIMIT_EXCEEDED,active,4,13,0,2026-07-11T13:31:46.035893
pay_test_1cd5514a9ea9,cust_17253da15e,sub_488ca4fb70,mandate_f0b9f63413,199,INR,low_balance,BALANCE,active,3,7,3,2026-07-27T13:37:46.035914
pay_test_0b65f2fda704,cust_0ab17ef8db,sub_e85fa6a89d,mandate_207944aeeb,99,INR,mandate_limit_exceeded,LIMIT_EXCEEDED,active,3,4,1,2026-06-24T15:04:46.035936
pay_test_1d70f9092a0d,cust_c2b9b62559,sub_050d1269c3,mandate_3e547d34fb,99,INR,low_balance,BALANCE,active,1,14,4,2026-08-22T05:44:46.035970
pay_test_c04456898651,cust_20482f8c94,sub_f64732eabb,mandate_178fc6652c,499,INR,network_timeout,BANK_TIMEOUT,active,3,3,2,2026-08-09T12:42:46.035995
pay_test_7b8c62fb40fa,cust_542aa150fa,sub_9205232e03,mandate_a8d0490431,1999,INR,expired_mandate,EXPIRED_MANDATE,expired,1,2,0,2026-06-04T21:21:46.036016
pay_test_9002b09858b4,cust_85703bba7f,sub_f2180e2a3f,mandate_7cdb434fda,99,INR,insufficient_balance,BALANCE,active,3,9,3,2026-07-24T19:31:46.036039
pay_test_3171bbe77af9,cust_430daa7450,sub_e627656cbc,mandate_07b35e2b83,199,INR,insufficient_balance,BALANCE,active,1,16,2,2026-07-05T22:55:46.036061
pay_test_3b6e666adb66,cust_e0548dba72,sub_a4a573c9da,mandate_a9e3e27b44,99,INR,network_timeout,BANK_TIMEOUT,active,3,8,5,2026-08-16T02:42:46.036095
pay_test_413ea5ad9559,cust_0e641ebe61,sub_8817fadfaa,mandate_83cbab0018,999,INR,bank_timeout,BANK_TIMEOUT,active,2,18,5,2026-08-19T02:23:46.036119
pay_test_3b4a5699f8dc,cust_aa8cce9f80,sub_5ad5a90b00,mandate_a50e5aad4a,1999,INR,mandate_expired,EXPIRED_MANDATE,expired,2,14,5,2026-08-07T11:12:46.036141
pay_test_7daf09bb2993,cust_b504645eee,sub_a85b7f05df,mandate_d368522711,499,INR,network_timeout,BANK_TIMEOUT,active,1,1,2,2026-07-30T12:37:46.036162
pay_test_3d4646c1cc77,cust_80e77bc004,sub_774681c950,mandate_536fc286e1,799,INR,mandate_limit_exceeded,LIMIT_EXCEEDED,active,1,17,3,2026-06-03T07:39:46.036183
pay_test_ee22469519bb,cust_6ef7d82e71,sub_d3951f8e56,mandate_e8d47ea860,799,INR,mandate_expired,EXPIRED_MANDATE,expired,1,20,2,2026-07-08T00:01:46.036216
pay_test_7c61cedf4992,cust_7bc5bb6a55,sub_cea7668c24,mandate_800b84cc22,299,INR,expired_mandate,EXPIRED_MANDATE,expired,4,12,2,2026-05-27T22:34:46.036241
pay_test_22b1a61decec,cust_7bd2a86b74,sub_56af194784,mandate_dcf7ffe96d,1499,INR,mandate_limit_exceeded,LIMIT_EXCEEDED,active,1,2,5,2026-06-29T18:05:46.036262
pay_test_54f13825eebb,cust_54cac45132,sub_564ce64d4a,mandate_8c72b64385,199,INR,low_balance,BALANCE,active,3,10,0,2026-06-01T04:38:46.036283
pay_test_2f6a14271d66,cust_0a6aa38acc,sub_3675c2e99a,mandate_19a16e46c2,1999,INR,expired_mandate,EXPIRED_MANDATE,expired,3,5,5,2026-06-28T12:11:46.036303
pay_test_cb6ea4ac46cf,cust_c0a3562fef,sub_9c58899e23,mandate_13719a5739,799,INR,mandate_limit_exceeded,LIMIT_EXCEEDED,active,1,19,3,2026-08-14T16:17:46.036325
pay_test_4d0162fb56ff,cust_dc385e32f5,sub_a46099e6ae,mandate_761c4ae8fa,4999,INR,mandate_expired,EXPIRED_MANDATE,expired,4,0,1,2026-08-20T09:53:46.036346
pay_test_093e9ff191e1,cust_c8cb00dc50,sub_4c837c2c72,mandate_135dce33a5,4999,INR,low_balance,BALANCE,active,1,11,3,2026-06-08T09:14:46.036368
pay_test_48fec77ed167,cust_f91f12b09c,sub_e014f88c81,mandate_c8f9881624,199,INR,expired_mandate,EXPIRED_MANDATE,expired,2,11,3,2026-06-18T02:32:46.036401
pay_test_3b3bf7eceea0,cust_9a534240a7,sub_2fe676f49f,mandate_d532e7f886,99,INR,expired_mandate,EXPIRED_MANDATE,expired,2,7,0,2026-06-21T21:33:46.036426
pay_test_43d5fbccdf7d,cust_8ecaa03a9c,sub_18b1e891ee,mandate_03d0c7d3b7,1999,INR,limit_exceeded,LIMIT_EXCEEDED,active,2,8,2,2026-06-07T04:13:46.036459
pay_test_ffb3e9bd8555,cust_dc957c2849,sub_76fe182917,mandate_1d6f6d102a,299,INR,mandate_limit_exceeded,LIMIT_EXCEEDED,active,1,6,0,2026-06-28T08:00:46.036484
pay_test_7135f6534658,cust_f41724d887,sub_c5290612ff,mandate_c55e3b2d31,999,INR,bank_timeout,BANK_TIMEOUT,active,1,10,5,2026-06-14T20:39:46.036505
pay_test_b2ccb5b28f24,cust_bf8555e427,sub_d0e7c72b96,mandate_07836e78a5,999,INR,limit_exceeded,LIMIT_EXCEEDED,active,2,20,1,2026-08-09T07:07:46.036527
pay_test_73a9b5cd6a32,cust_ac5ccb25a0,sub_6ecbfe7248,mandate_3ab49e049c,2499,INR,low_balance,BALANCE,active,3,0,2,2026-06-25T20:49:46.036548
pay_test_f6fa74e0084b,cust_a89552a422,sub_14e5f436ac,mandate_599eeb9290,1499,INR,bank_timeout,BANK_TIMEOUT,active,4,2,2,2026-06-18T00:08:46.036570
pay_test_a4f3f9957eae,cust_35c6de79f6,sub_9c86e6bd77,mandate_7d950796ee,9999,INR,mandate_expired,EXPIRED_MANDATE,expired,1,4,2,2026-06-27T23:14:46.036591
pay_test_992663487e1f,cust_a7cd1fc931,sub_2c43d37065,mandate_b725733846,4999,INR,mandate_revoked,REVOKED,revoked,2,17,5,2026-08-08T00:25:46.036612
pay_test_f3e24701be12,cust_fae0a33812,sub_73fc206b64,mandate_5675a229fe,299,INR,limit_exceeded,LIMIT_EXCEEDED,active,3,3,4,2026-08-03T08:37:46.036633
pay_test_fc4224ad2249,cust_3c41ab6097,sub_78836eb98b,mandate_83e401f44e,799,INR,limit_exceeded,LIMIT_EXCEEDED,active,1,11,4,2026-07-23T07:17:46.036654
pay_test_523b39847868,cust_f7313bf19f,sub_320420d380,mandate_ac6e6de213,799,INR,mandate_limit_exceeded,LIMIT_EXCEEDED,active,1,4,5,2026-06-20T17:47:46.036697
pay_test_9eefd55c1b5a,cust_84c794684b,sub_c39ea25674,mandate_d830a2e829,4999,INR,bank_timeout,BANK_TIMEOUT,active,3,5,5,2026-06-13T12:05:46.036723
pay_test_7f9ec3ee05c5,cust_8059470498,sub_fa7e0b9677,mandate_3fc337c8b8,4999,INR,limit_exceeded,LIMIT_EXCEEDED,active,3,1,5,2026-06-02T07:08:46.036744
pay_test_16092135aaf7,cust_ae14f6c2fa,sub_aa2bcb9cb6,mandate_25856c3aba,2499,INR,bank_timeout,BANK_TIMEOUT,active,3,15,5,2026-06-03T04:27:46.036765
pay_test_66a62b9b5483,cust_cbfe1cb284,sub_c0be48bcf9,mandate_dfebe5e068,199,INR,low_balance,BALANCE,active,1,9,3,2026-08-03T23:31:46.036786
pay_test_6b15e031be89,cust_e4a102c78d,sub_c875af5483,mandate_e3ec5c72e8,299,INR,mandate_revoked,REVOKED,revoked,3,10,4,2026-07-14T14:02:46.036852
pay_test_6f0ec6317a98,cust_39a37f9e7b,sub_46f699205f,mandate_a638d5c481,2499,INR,expired_mandate,EXPIRED_MANDATE,expired,1,4,2,2026-07-15T06:28:46.036878
pay_test_5c44bdf17308,cust_ba953cd37e,sub_8673d2f5a3,mandate_2b6bbd63b6,199,INR,low_balance,BALANCE,active,1,7,1,2026-07-18T01:02:46.036900
pay_test_79fc17be29ed,cust_d4aeb94a9c,sub_a9cb33e99f,mandate_8ba4a4442d,4999,INR,bank_timeout,BANK_TIMEOUT,active,3,5,2,2026-07-31T08:26:46.036921
pay_test_7d545b49632a,cust_140af05465,sub_bf204a7ddc,mandate_8110662796,1999,INR,mandate_limit_exceeded,LIMIT_EXCEEDED,active,1,15,2,2026-08-13T01:25:46.036942
pay_test_6f82fc43d282,cust_a014cb7c2b,sub_11a85351e7,mandate_25c4767a9c,999,INR,mandate_revoked,REVOKED,revoked,1,6,4,2026-08-18T04:26:46.036975
pay_test_8a81bdb5517d,cust_8d43c8a636,sub_c3b3ff104f,mandate_65c211eb55,99,INR,network_timeout,BANK_TIMEOUT,active,1,9,4,2026-06-30T09:01:46.037000
pay_test_5bccd61d260d,cust_90ab28b487,sub_d47b7d1083,mandate_dddd37b942,99,INR,low_balance,BALANCE,active,4,12,2,2026-08-17T19:22:46.037021
pay_test_9c005e54050f,cust_f41a312e95,sub_b996ccdc9c,mandate_f9bca1569e,2499,INR,low_balance,BALANCE,active,4,2,3,2026-06-15T05:05:46.037054
pay_test_252b95fa7e62,cust_9344c12dff,sub_dbf79e30a5,mandate_e0b37ab930,1499,INR,limit_exceeded,LIMIT_EXCEEDED,active,3,4,0,2026-07-11T20:34:46.037078
pay_test_304e4c1bcc92,cust_26ab84482c,sub_1c933d0ecc,mandate_8d8e2f0b90,1499,INR,bank_timeout,BANK_TIMEOUT,active,1,19,4,2026-08-19T12:49:46.037100
pay_test_dfbab9314c95,cust_384ac8e043,sub_d5479bf829,mandate_72d2613085,299,INR,network_timeout,BANK_TIMEOUT,active,2,16,3,2026-07-13T18:37:46.037121
pay_test_5e1ea4648681,cust_2987792ae9,sub_a7e32da47e,mandate_4d0d5c9303,2499,INR,low_balance,BALANCE,active,4,18,2,2026-05-25T19:38:46.037143
pay_test_a62ea8c30f9c,cust_e4c2da8086,sub_4a5fdf1d9e,mandate_914316fd7d,9999,INR,mandate_revoked,REVOKED,revoked,1,11,2,2026-07-01T19:38:46.037163
pay_test_132d0c2bbccf,cust_23b19c751b,sub_db392c63f6,mandate_36874eef81,799,INR,bank_timeout,BANK_TIMEOUT,active,2,19,3,2026-08-17T19:27:46.037186
pay_test_02b84dc024b8,cust_27ece7775c,sub_1834fd7edd,mandate_c22075aede,499,INR,low_balance,BALANCE,active,1,4,5,2026-06-11T15:50:46.037223
pay_test_243df43ffe5f,cust_e3f2c8911d,sub_9004239d69,mandate_6507ef3a32,299,INR,low_balance,BALANCE,active,4,10,3,2026-05-28T07:31:46.037247
pay_test_a948013b3491,cust_4dbf51a438,sub_bde7a638f2,mandate_da53485dbf,299,INR,revoked_mandate,REVOKED,revoked,2,1,5,2026-06-14T03:15:46.037269
pay_test_a611ec744385,cust_950fa504a4,sub_1db9f56dd0,mandate_0fee3d6128,1999,INR,revoked_mandate,REVOKED,revoked,3,10,1,2026-06-16T02:14:46.037290
pay_test_6908df639e20,cust_9ef4730a82,sub_59072cd081,mandate_f87f122493,499,INR,network_timeout,BANK_TIMEOUT,active,2,19,3,2026-07-19T20:38:46.037311
pay_test_8dab410baf41,cust_6aa3e31c82,sub_4fd1940294,mandate_1a6535ec63,499,INR,low_balance,BALANCE,active,4,9,5,2026-07-14T22:35:46.037333
pay_test_10adbe13dda9,cust_6251b9e446,sub_90e551692a,mandate_ac34fa7aa6,4999,INR,network_timeout,BANK_TIMEOUT,active,4,9,0,2026-07-05T02:08:46.037367
pay_test_4484c5ead03c,cust_eb382110de,sub_da405ef127,mandate_20dae9fa66,199,INR,network_timeout,BANK_TIMEOUT,active,3,1,2,2026-06-28T17:41:46.037392
pay_test_d414defcb0ad,cust_28cbb22dbd,sub_e72e80b175,mandate_658dc5640b,799,INR,bank_timeout,BANK_TIMEOUT,active,3,6,4,2026-08-07T10:18:46.037413
pay_test_b634c877234e,cust_9635542b29,sub_84b4e5a472,mandate_17329612fe,9999,INR,bank_timeout,BANK_TIMEOUT,active,2,7,0,2026-06-04T06:54:46.037435
pay_test_ace05f6f9026,cust_f93e42ffb9,sub_3abda3476c,mandate_c1c147dc6f,9999,INR,low_balance,BALANCE,active,2,15,0,2026-08-23T19:58:46.037467
pay_test_aacf9ec69db3,cust_b11b7f4f86,sub_947b06d966,mandate_2f38162997,499,INR,low_balance,BALANCE,active,3,15,5,2026-07-14T04:16:46.037493
pay_test_7d3a9ba43c8b,cust_352e2d6a44,sub_06a13da195,mandate_8482085422,499,INR,insufficient_balance,BALANCE,active,1,20,4,2026-08-02T00:01:46.037514
pay_test_3b76bd7ccc6d,cust_d6e1fea25a,sub_34a04d0fe2,mandate_769ef1f51c,299,INR,bank_timeout,BANK_TIMEOUT,active,3,12,3,2026-08-20T13:38:46.037537
pay_test_3bb06c9772e8,cust_83855ef4aa,sub_ff4485cf48,mandate_545aec1c8a,1999,INR,bank_timeout,BANK_TIMEOUT,active,4,10,2,2026-08-06T21:28:46.037559
pay_test_67718d792009,cust_c8c9cbf7b5,sub_2e17a3f738,mandate_60de85bbf2,1999,INR,insufficient_balance,BALANCE,active,3,10,1,2026-08-01T13:10:46.037580
pay_test_2b85055b0830,cust_377e8521de,sub_5740d866a3,mandate_f928cd9f79,499,INR,expired_mandate,EXPIRED_MANDATE,expired,2,18,5,2026-06-06T17:00:46.037601
pay_test_8bd069672d1d,cust_3a56ab3dde,sub_533535c480,mandate_df7c3f8bf3,199,INR,expired_mandate,EXPIRED_MANDATE,expired,4,16,2,2026-05-31T10:46:46.037622
pay_test_987e1601d2a1,cust_15b417ff90,sub_357d7bc89b,mandate_9eaf383a4a,99,INR,mandate_limit_exceeded,LIMIT_EXCEEDED,active,3,10,1,2026-07-06T06:29:46.037642
pay_test_6f2155006de6,cust_a7c2e0b37d,sub_099a915e82,mandate_9eb13cfc62,4999,INR,network_timeout,BANK_TIMEOUT,active,1,9,4,2026-07-21T17:34:46.037677
pay_test_08a36551bcd8,cust_e59650ce1a,sub_d486d05e8b,mandate_31268f816b,799,INR,bank_timeout,BANK_TIMEOUT,active,2,3,3,2026-07-03T16:25:46.037714
pay_test_49e017f1e88c,cust_b3fdf97ce7,sub_b914a1208a,mandate_6363ef9d6e,799,INR,mandate_limit_exceeded,LIMIT_EXCEEDED,active,3,3,5,2026-06-07T06:43:46.037742
pay_test_7793590e5a91,cust_15fac7f7e4,sub_e8e8219975,mandate_b274a53a43,4999,INR,mandate_limit_exceeded,LIMIT_EXCEEDED,active,3,4,3,2026-07-01T15:22:46.037764
pay_test_d9ac8ffa6e19,cust_2223dd37b6,sub_e62b87e09f,mandate_fb4fd0ef6a,4999,INR,limit_exceeded,LIMIT_EXCEEDED,active,1,7,5,2026-06-17T23:24:46.037786
pay_test_8cca84afdcff,cust_694d299f79,sub_0d2370296f,mandate_d5f179113b,99,INR,bank_timeout,BANK_TIMEOUT,active,2,18,0,2026-06-11T20:48:46.037807
pay_test_59bf83706a80,cust_6403d9ac9c,sub_80e072a13a,mandate_7901ef5d9b,499,INR,low_balance,BALANCE,active,4,3,5,2026-08-12T21:29:46.037829
pay_test_af7c8cccde7f,cust_5d4121ac47,sub_9aa4a98d87,mandate_f6e56f89c5,1499,INR,network_timeout,BANK_TIMEOUT,active,4,4,4,2026-06-13T12:22:46.037849
pay_test_565bebecc7b4,cust_e13c0b6ce2,sub_4747258813,mandate_c1761fd1d6,799,INR,revoked_mandate,REVOKED,revoked,1,0,3,2026-07-27T19:53:46.037891
pay_test_74db6780b7f5,cust_5ab1f0a26d,sub_03fed1c59b,mandate_8d9e9bd972,99,INR,low_balance,BALANCE,active,1,2,4,2026-06-25T12:39:46.037913
pay_test_7840ce07d3dd,cust_a62f84942c,sub_f6be4c779c,mandate_a274f84a38,9999,INR,mandate_expired,EXPIRED_MANDATE,expired,4,20,5,2026-07-08T01:29:46.037934
pay_test_78223a5cedb4,cust_e8f4b9e8bb,sub_07ec2c7083,mandate_1f23e48083,9999,INR,mandate_limit_exceeded,LIMIT_EXCEEDED,active,2,12,0,2026-06-02T02:50:46.037970
pay_test_9b0f6e8c95c6,cust_22366cd754,sub_046b8b0b79,mandate_111b60a44c,499,INR,low_balance,BALANCE,active,1,16,1,2026-08-22T04:28:46.038007
pay_test_8fdfebb6f471,cust_fa217750ba,sub_525160c9d0,mandate_1a37713827,499,INR,network_timeout,BANK_TIMEOUT,active,2,17,3,2026-06-27T02:48:46.038032
pay_test_fcf5a7c59bae,cust_90db02fb2b,sub_adc6f3fdf9,mandate_957a122999,1499,INR,insufficient_balance,BALANCE,active,1,1,5,2026-07-25T07:53:46.038054
pay_test_087513dc9a58,cust_94b39bc422,sub_652810061d,mandate_cc860634b8,9999,INR,insufficient_balance,BALANCE,active,1,14,4,2026-07-23T14:55:46.038075
pay_test_5334cdd186ce,cust_77e76fd8e2,sub_f164d33a33,mandate_cabf8a2130,99,INR,mandate_expired,EXPIRED_MANDATE,expired,2,17,1,2026-06-21T04:43:46.038108
pay_test_6ff4e96861cd,cust_a4dd7776cf,sub_1ac781ee3e,mandate_c6a9fc4972,9999,INR,network_timeout,BANK_TIMEOUT,active,3,18,4,2026-07-25T04:01:46.038132
pay_test_e8e2c849de58,cust_920e983673,sub_707705f904,mandate_e17e5d66ae,799,INR,insufficient_balance,BALANCE,active,1,13,2,2026-06-13T19:01:46.038154
pay_test_0633c54e55e1,cust_f7becd1b32,sub_99ab454851,mandate_414e2b4975,1499,INR,bank_timeout,BANK_TIMEOUT,active,4,20,5,2026-08-18T02:16:46.038175
pay_test_5de12eb7cfd0,cust_90257c0a3f,sub_1be610b6de,mandate_e3d64b7f38,299,INR,network_timeout,BANK_TIMEOUT,active,3,13,3,2026-07-07T08:09:46.038196
pay_test_fb24b7d40e35,cust_78b04bff06,sub_c224e61bfe,mandate_62c2ebd782,299,INR,mandate_revoked,REVOKED,revoked,4,7,2,2026-08-16T20:31:46.038229
pay_test_288c14302591,cust_0dcb96ad24,sub_3b49cce2ae,mandate_a9d905257a,799,INR,limit_exceeded,LIMIT_EXCEEDED,active,2,12,1,2026-07-12T17:52:46.038254
pay_test_b6bc10b5cfe7,cust_91635303b4,sub_63c69e5593,mandate_3ada597fda,499,INR,mandate_limit_exceeded,LIMIT_EXCEEDED,active,1,2,4,2026-07-21T01:14:46.038275
pay_test_844e93955ffd,cust_ac62e6a6d0,sub_defbef52f4,mandate_c7a60a0b0e,4999,INR,bank_timeout,BANK_TIMEOUT,active,2,2,1,2026-06-24T07:02:46.038297
pay_test_91a71a051630,cust_a10bab1d2f,sub_1fe70bd398,mandate_332bffaf0d,499,INR,mandate_limit_exceeded,LIMIT_EXCEEDED,active,1,0,1,2026-06-24T06:13:46.038330
pay_test_78ebd8d33528,cust_4097afdb40,sub_151501b990,mandate_1fdab92aa8,2499,INR,bank_timeout,BANK_TIMEOUT,active,3,12,1,2026-07-19T01:28:46.038355
pay_test_725c107618a8,cust_cf32cc4322,sub_63bd6a8fa0,mandate_1239f3d1fe,999,INR,revoked_mandate,REVOKED,revoked,4,9,2,2026-06-26T10:06:46.038376
pay_test_0ab10140a62d,cust_a7da8cf705,sub_51e0ae9181,mandate_f09668056b,999,INR,mandate_limit_exceeded,LIMIT_EXCEEDED,active,3,10,1,2026-07-03T12:21:46.038398
pay_test_15aa1f70b322,cust_776eb388e0,sub_2a4cc6adb6,mandate_b31a84f1aa,2499,INR,limit_exceeded,LIMIT_EXCEEDED,active,4,0,2,2026-07-18T09:45:46.038419
pay_test_81cb968d0c3a,cust_b59b2a39f4,sub_715f961e37,mandate_cf99fb4ac7,1999,INR,expired_mandate,EXPIRED_MANDATE,expired,3,18,1,2026-07-22T22:11:46.038441
pay_test_975fe0e5d402,cust_857b3e7e7a,sub_3416d9174b,mandate_cab06bb8cb,999,INR,network_timeout,BANK_TIMEOUT,active,2,14,1,2026-08-06T14:23:46.038474
pay_test_541b2508a1ed,cust_018b83ecf0,sub_1a90a5a87a,mandate_d492ef3112,199,INR,mandate_revoked,REVOKED,revoked,1,16,0,2026-08-24T00:49:46.038500
